<?xml version="1.0" encoding="UTF-8"?>
<classpath>
	<classpathentry kind="src" path="src"/>
	<classpathentry kind="con" path="org.eclipse.jdt.launching.JRE_CONTAINER/org.eclipse.jdt.internal.debug.ui.launcher.StandardVMType/JavaSE-10">
		<attributes>
			<attribute name="module" value="true"/>
		</attributes>
	</classpathentry>
	<classpathentry kind="lib" path="C:/Users/Asus/Desktop/poi-bin-4.1.1-20191023/poi-4.1.1/poi-4.1.1.jar"/>
	<classpathentry kind="lib" path="C:/Users/Asus/Desktop/poi-bin-4.1.1-20191023/poi-4.1.1/poi-examples-4.1.1.jar"/>
	<classpathentry kind="lib" path="C:/Users/Asus/Desktop/poi-bin-4.1.1-20191023/poi-4.1.1/poi-excelant-4.1.1.jar"/>
	<classpathentry kind="lib" path="C:/Users/Asus/Desktop/poi-bin-4.1.1-20191023/poi-4.1.1/poi-ooxml-4.1.1.jar"/>
	<classpathentry kind="lib" path="C:/Users/Asus/Desktop/poi-bin-4.1.1-20191023/poi-4.1.1/poi-ooxml-schemas-4.1.1.jar"/>
	<classpathentry kind="lib" path="C:/Users/Asus/Desktop/poi-bin-4.1.1-20191023/poi-4.1.1/poi-scratchpad-4.1.1.jar"/>
	<classpathentry kind="lib" path="C:/Users/Asus/Desktop/poi-bin-4.1.1-20191023/poi-4.1.1/lib/activation-1.1.1.jar"/>
	<classpathentry kind="lib" path="C:/Users/Asus/Desktop/poi-bin-4.1.1-20191023/poi-4.1.1/lib/commons-codec-1.13.jar"/>
	<classpathentry kind="lib" path="C:/Users/Asus/Desktop/poi-bin-4.1.1-20191023/poi-4.1.1/lib/commons-collections4-4.4.jar"/>
	<classpathentry kind="lib" path="C:/Users/Asus/Desktop/poi-bin-4.1.1-20191023/poi-4.1.1/lib/commons-compress-1.19.jar"/>
	<classpathentry kind="lib" path="C:/Users/Asus/Desktop/poi-bin-4.1.1-20191023/poi-4.1.1/lib/commons-logging-1.2.jar"/>
	<classpathentry kind="lib" path="C:/Users/Asus/Desktop/poi-bin-4.1.1-20191023/poi-4.1.1/lib/commons-math3-3.6.1.jar"/>
	<classpathentry kind="lib" path="C:/Users/Asus/Desktop/poi-bin-4.1.1-20191023/poi-4.1.1/lib/jaxb-api-2.3.1.jar"/>
	<classpathentry kind="lib" path="C:/Users/Asus/Desktop/poi-bin-4.1.1-20191023/poi-4.1.1/lib/jaxb-core-2.3.0.1.jar"/>
	<classpathentry kind="lib" path="C:/Users/Asus/Desktop/poi-bin-4.1.1-20191023/poi-4.1.1/lib/jaxb-impl-2.3.2.jar"/>
	<classpathentry kind="lib" path="C:/Users/Asus/Desktop/poi-bin-4.1.1-20191023/poi-4.1.1/lib/junit-4.12.jar"/>
	<classpathentry kind="lib" path="C:/Users/Asus/Desktop/poi-bin-4.1.1-20191023/poi-4.1.1/lib/log4j-1.2.17.jar"/>
	<classpathentry kind="lib" path="C:/Users/Asus/Desktop/poi-bin-4.1.1-20191023/poi-4.1.1/ooxml-lib/curvesapi-1.06.jar"/>
	<classpathentry kind="lib" path="C:/Users/Asus/Desktop/poi-bin-4.1.1-20191023/poi-4.1.1/ooxml-lib/xmlbeans-3.1.0.jar"/>
	<classpathentry kind="lib" path="C:/Users/Asus/Downloads/Compressed/mysql-connector-java-8.0.11/mysql-connector-java-8.0.11/mysql-connector-java-8.0.11.jar"/>
	<classpathentry kind="lib" path="C:/Users/Asus/Downloads/itextpdf-5.5.13.1.jar"/>
	<classpathentry kind="output" path="bin"/>
</classpath>
